department,scenario_file,sector,subsector,technology,node_type,warning
cement,cement_T2025_S10.xml,process heat cement,biomass,biomass,tracking-non-energy-input/input-cost,low-carbon-like cost node exists but was not changed; check whether this was intentional
cement,cement_T2025_S10.xml,process heat cement,hydrogen,hydrogen,tracking-non-energy-input/input-cost,low-carbon-like cost node exists but was not changed; check whether this was intentional
cement,cement_T2025_S35.xml,process heat cement,biomass,biomass,tracking-non-energy-input/input-cost,low-carbon-like cost node exists but was not changed; check whether this was intentional
cement,cement_T2025_S35.xml,process heat cement,hydrogen,hydrogen,tracking-non-energy-input/input-cost,low-carbon-like cost node exists but was not changed; check whether this was intentional
cement,cement_T2025_S60.xml,process heat cement,biomass,biomass,tracking-non-energy-input/input-cost,low-carbon-like cost node exists but was not changed; check whether this was intentional
cement,cement_T2025_S60.xml,process heat cement,hydrogen,hydrogen,tracking-non-energy-input/input-cost,low-carbon-like cost node exists but was not changed; check whether this was intentional
cement,cement_T2035_S10.xml,process heat cement,biomass,biomass,tracking-non-energy-input/input-cost,low-carbon-like cost node exists but was not changed; check whether this was intentional
cement,cement_T2035_S10.xml,process heat cement,hydrogen,hydrogen,tracking-non-energy-input/input-cost,low-carbon-like cost node exists but was not changed; check whether this was intentional
cement,cement_T2035_S35.xml,process heat cement,biomass,biomass,tracking-non-energy-input/input-cost,low-carbon-like cost node exists but was not changed; check whether this was intentional
cement,cement_T2035_S35.xml,process heat cement,hydrogen,hydrogen,tracking-non-energy-input/input-cost,low-carbon-like cost node exists but was not changed; check whether this was intentional
cement,cement_T2035_S60.xml,process heat cement,biomass,biomass,tracking-non-energy-input/input-cost,low-carbon-like cost node exists but was not changed; check whether this was intentional
cement,cement_T2035_S60.xml,process heat cement,hydrogen,hydrogen,tracking-non-energy-input/input-cost,low-carbon-like cost node exists but was not changed; check whether this was intentional
cement,cement_T2045_S10.xml,process heat cement,biomass,biomass,tracking-non-energy-input/input-cost,low-carbon-like cost node exists but was not changed; check whether this was intentional
cement,cement_T2045_S10.xml,process heat cement,hydrogen,hydrogen,tracking-non-energy-input/input-cost,low-carbon-like cost node exists but was not changed; check whether this was intentional
cement,cement_T2045_S35.xml,process heat cement,biomass,biomass,tracking-non-energy-input/input-cost,low-carbon-like cost node exists but was not changed; check whether this was intentional
cement,cement_T2045_S35.xml,process heat cement,hydrogen,hydrogen,tracking-non-energy-input/input-cost,low-carbon-like cost node exists but was not changed; check whether this was intentional
cement,cement_T2045_S60.xml,process heat cement,biomass,biomass,tracking-non-energy-input/input-cost,low-carbon-like cost node exists but was not changed; check whether this was intentional
cement,cement_T2045_S60.xml,process heat cement,hydrogen,hydrogen,tracking-non-energy-input/input-cost,low-carbon-like cost node exists but was not changed; check whether this was intentional
iron_steel,iron_steel_T2025_S10.xml,iron and steel,BLASTFUR,BLASTFUR CCS,tracking-non-energy-input/capital-coef,low-carbon-like cost node exists but was not changed; check whether this was intentional
iron_steel,iron_steel_T2025_S10.xml,iron and steel,BLASTFUR,BLASTFUR CCS with hydrogen,tracking-non-energy-input/capital-coef,low-carbon-like cost node exists but was not changed; check whether this was intentional
iron_steel,iron_steel_T2025_S10.xml,iron and steel,BLASTFUR,BLASTFUR with hydrogen,tracking-non-energy-input/capital-coef,low-carbon-like cost node exists but was not changed; check whether this was intentional
iron_steel,iron_steel_T2025_S10.xml,iron and steel,BLASTFUR,Biomass-based,tracking-non-energy-input/capital-coef,low-carbon-like cost node exists but was not changed; check whether this was intentional
iron_steel,iron_steel_T2025_S10.xml,iron and steel,EAF with DRI,EAF with DRI CCS,tracking-non-energy-input/capital-coef,low-carbon-like cost node exists but was not changed; check whether this was intentional
iron_steel,iron_steel_T2025_S10.xml,iron and steel,EAF with DRI,Hydrogen-based DRI,tracking-non-energy-input/capital-coef,low-carbon-like cost node exists but was not changed; check whether this was intentional
iron_steel,iron_steel_T2025_S35.xml,iron and steel,BLASTFUR,BLASTFUR CCS,tracking-non-energy-input/capital-coef,low-carbon-like cost node exists but was not changed; check whether this was intentional
iron_steel,iron_steel_T2025_S35.xml,iron and steel,BLASTFUR,BLASTFUR CCS with hydrogen,tracking-non-energy-input/capital-coef,low-carbon-like cost node exists but was not changed; check whether this was intentional
iron_steel,iron_steel_T2025_S35.xml,iron and steel,BLASTFUR,BLASTFUR with hydrogen,tracking-non-energy-input/capital-coef,low-carbon-like cost node exists but was not changed; check whether this was intentional
iron_steel,iron_steel_T2025_S35.xml,iron and steel,BLASTFUR,Biomass-based,tracking-non-energy-input/capital-coef,low-carbon-like cost node exists but was not changed; check whether this was intentional
iron_steel,iron_steel_T2025_S35.xml,iron and steel,EAF with DRI,EAF with DRI CCS,tracking-non-energy-input/capital-coef,low-carbon-like cost node exists but was not changed; check whether this was intentional
iron_steel,iron_steel_T2025_S35.xml,iron and steel,EAF with DRI,Hydrogen-based DRI,tracking-non-energy-input/capital-coef,low-carbon-like cost node exists but was not changed; check whether this was intentional
iron_steel,iron_steel_T2025_S60.xml,iron and steel,BLASTFUR,BLASTFUR CCS,tracking-non-energy-input/capital-coef,low-carbon-like cost node exists but was not changed; check whether this was intentional
iron_steel,iron_steel_T2025_S60.xml,iron and steel,BLASTFUR,BLASTFUR CCS with hydrogen,tracking-non-energy-input/capital-coef,low-carbon-like cost node exists but was not changed; check whether this was intentional
iron_steel,iron_steel_T2025_S60.xml,iron and steel,BLASTFUR,BLASTFUR with hydrogen,tracking-non-energy-input/capital-coef,low-carbon-like cost node exists but was not changed; check whether this was intentional
iron_steel,iron_steel_T2025_S60.xml,iron and steel,BLASTFUR,Biomass-based,tracking-non-energy-input/capital-coef,low-carbon-like cost node exists but was not changed; check whether this was intentional
iron_steel,iron_steel_T2025_S60.xml,iron and steel,EAF with DRI,EAF with DRI CCS,tracking-non-energy-input/capital-coef,low-carbon-like cost node exists but was not changed; check whether this was intentional
iron_steel,iron_steel_T2025_S60.xml,iron and steel,EAF with DRI,Hydrogen-based DRI,tracking-non-energy-input/capital-coef,low-carbon-like cost node exists but was not changed; check whether this was intentional
iron_steel,iron_steel_T2035_S10.xml,iron and steel,BLASTFUR,BLASTFUR CCS,tracking-non-energy-input/capital-coef,low-carbon-like cost node exists but was not changed; check whether this was intentional
iron_steel,iron_steel_T2035_S10.xml,iron and steel,BLASTFUR,BLASTFUR CCS with hydrogen,tracking-non-energy-input/capital-coef,low-carbon-like cost node exists but was not changed; check whether this was intentional
iron_steel,iron_steel_T2035_S10.xml,iron and steel,BLASTFUR,BLASTFUR with hydrogen,tracking-non-energy-input/capital-coef,low-carbon-like cost node exists but was not changed; check whether this was intentional
iron_steel,iron_steel_T2035_S10.xml,iron and steel,BLASTFUR,Biomass-based,tracking-non-energy-input/capital-coef,low-carbon-like cost node exists but was not changed; check whether this was intentional
iron_steel,iron_steel_T2035_S10.xml,iron and steel,EAF with DRI,EAF with DRI CCS,tracking-non-energy-input/capital-coef,low-carbon-like cost node exists but was not changed; check whether this was intentional
iron_steel,iron_steel_T2035_S10.xml,iron and steel,EAF with DRI,Hydrogen-based DRI,tracking-non-energy-input/capital-coef,low-carbon-like cost node exists but was not changed; check whether this was intentional
iron_steel,iron_steel_T2035_S35.xml,iron and steel,BLASTFUR,BLASTFUR CCS,tracking-non-energy-input/capital-coef,low-carbon-like cost node exists but was not changed; check whether this was intentional
iron_steel,iron_steel_T2035_S35.xml,iron and steel,BLASTFUR,BLASTFUR CCS with hydrogen,tracking-non-energy-input/capital-coef,low-carbon-like cost node exists but was not changed; check whether this was intentional
iron_steel,iron_steel_T2035_S35.xml,iron and steel,BLASTFUR,BLASTFUR with hydrogen,tracking-non-energy-input/capital-coef,low-carbon-like cost node exists but was not changed; check whether this was intentional
iron_steel,iron_steel_T2035_S35.xml,iron and steel,BLASTFUR,Biomass-based,tracking-non-energy-input/capital-coef,low-carbon-like cost node exists but was not changed; check whether this was intentional
iron_steel,iron_steel_T2035_S35.xml,iron and steel,EAF with DRI,EAF with DRI CCS,tracking-non-energy-input/capital-coef,low-carbon-like cost node exists but was not changed; check whether this was intentional
iron_steel,iron_steel_T2035_S35.xml,iron and steel,EAF with DRI,Hydrogen-based DRI,tracking-non-energy-input/capital-coef,low-carbon-like cost node exists but was not changed; check whether this was intentional
iron_steel,iron_steel_T2035_S60.xml,iron and steel,BLASTFUR,BLASTFUR CCS,tracking-non-energy-input/capital-coef,low-carbon-like cost node exists but was not changed; check whether this was intentional
iron_steel,iron_steel_T2035_S60.xml,iron and steel,BLASTFUR,BLASTFUR CCS with hydrogen,tracking-non-energy-input/capital-coef,low-carbon-like cost node exists but was not changed; check whether this was intentional
iron_steel,iron_steel_T2035_S60.xml,iron and steel,BLASTFUR,BLASTFUR with hydrogen,tracking-non-energy-input/capital-coef,low-carbon-like cost node exists but was not changed; check whether this was intentional
iron_steel,iron_steel_T2035_S60.xml,iron and steel,BLASTFUR,Biomass-based,tracking-non-energy-input/capital-coef,low-carbon-like cost node exists but was not changed; check whether this was intentional
iron_steel,iron_steel_T2035_S60.xml,iron and steel,EAF with DRI,EAF with DRI CCS,tracking-non-energy-input/capital-coef,low-carbon-like cost node exists but was not changed; check whether this was intentional
iron_steel,iron_steel_T2035_S60.xml,iron and steel,EAF with DRI,Hydrogen-based DRI,tracking-non-energy-input/capital-coef,low-carbon-like cost node exists but was not changed; check whether this was intentional
iron_steel,iron_steel_T2045_S10.xml,iron and steel,BLASTFUR,BLASTFUR CCS,tracking-non-energy-input/capital-coef,low-carbon-like cost node exists but was not changed; check whether this was intentional
iron_steel,iron_steel_T2045_S10.xml,iron and steel,BLASTFUR,BLASTFUR CCS with hydrogen,tracking-non-energy-input/capital-coef,low-carbon-like cost node exists but was not changed; check whether this was intentional
iron_steel,iron_steel_T2045_S10.xml,iron and steel,BLASTFUR,BLASTFUR with hydrogen,tracking-non-energy-input/capital-coef,low-carbon-like cost node exists but was not changed; check whether this was intentional
iron_steel,iron_steel_T2045_S10.xml,iron and steel,BLASTFUR,Biomass-based,tracking-non-energy-input/capital-coef,low-carbon-like cost node exists but was not changed; check whether this was intentional
iron_steel,iron_steel_T2045_S10.xml,iron and steel,EAF with DRI,EAF with DRI CCS,tracking-non-energy-input/capital-coef,low-carbon-like cost node exists but was not changed; check whether this was intentional
iron_steel,iron_steel_T2045_S10.xml,iron and steel,EAF with DRI,Hydrogen-based DRI,tracking-non-energy-input/capital-coef,low-carbon-like cost node exists but was not changed; check whether this was intentional
iron_steel,iron_steel_T2045_S35.xml,iron and steel,BLASTFUR,BLASTFUR CCS,tracking-non-energy-input/capital-coef,low-carbon-like cost node exists but was not changed; check whether this was intentional
iron_steel,iron_steel_T2045_S35.xml,iron and steel,BLASTFUR,BLASTFUR CCS with hydrogen,tracking-non-energy-input/capital-coef,low-carbon-like cost node exists but was not changed; check whether this was intentional
iron_steel,iron_steel_T2045_S35.xml,iron and steel,BLASTFUR,BLASTFUR with hydrogen,tracking-non-energy-input/capital-coef,low-carbon-like cost node exists but was not changed; check whether this was intentional
iron_steel,iron_steel_T2045_S35.xml,iron and steel,BLASTFUR,Biomass-based,tracking-non-energy-input/capital-coef,low-carbon-like cost node exists but was not changed; check whether this was intentional
iron_steel,iron_steel_T2045_S35.xml,iron and steel,EAF with DRI,EAF with DRI CCS,tracking-non-energy-input/capital-coef,low-carbon-like cost node exists but was not changed; check whether this was intentional
iron_steel,iron_steel_T2045_S35.xml,iron and steel,EAF with DRI,Hydrogen-based DRI,tracking-non-energy-input/capital-coef,low-carbon-like cost node exists but was not changed; check whether this was intentional
iron_steel,iron_steel_T2045_S60.xml,iron and steel,BLASTFUR,BLASTFUR CCS,tracking-non-energy-input/capital-coef,low-carbon-like cost node exists but was not changed; check whether this was intentional
iron_steel,iron_steel_T2045_S60.xml,iron and steel,BLASTFUR,BLASTFUR CCS with hydrogen,tracking-non-energy-input/capital-coef,low-carbon-like cost node exists but was not changed; check whether this was intentional
iron_steel,iron_steel_T2045_S60.xml,iron and steel,BLASTFUR,BLASTFUR with hydrogen,tracking-non-energy-input/capital-coef,low-carbon-like cost node exists but was not changed; check whether this was intentional
iron_steel,iron_steel_T2045_S60.xml,iron and steel,BLASTFUR,Biomass-based,tracking-non-energy-input/capital-coef,low-carbon-like cost node exists but was not changed; check whether this was intentional
iron_steel,iron_steel_T2045_S60.xml,iron and steel,EAF with DRI,EAF with DRI CCS,tracking-non-energy-input/capital-coef,low-carbon-like cost node exists but was not changed; check whether this was intentional
iron_steel,iron_steel_T2045_S60.xml,iron and steel,EAF with DRI,Hydrogen-based DRI,tracking-non-energy-input/capital-coef,low-carbon-like cost node exists but was not changed; check whether this was intentional
chemical,chemical_T2025_S10.xml,chemical energy use,biomass,biomass,tracking-non-energy-input/capital-coef,low-carbon-like cost node exists but was not changed; check whether this was intentional
chemical,chemical_T2025_S10.xml,chemical energy use,biomass,biomass CCS,tracking-non-energy-input/capital-coef,low-carbon-like cost node exists but was not changed; check whether this was intentional
chemical,chemical_T2025_S10.xml,chemical energy use,biomass,biomass cogen,tracking-non-energy-input/capital-coef,low-carbon-like cost node exists but was not changed; check whether this was intentional
chemical,chemical_T2025_S10.xml,chemical energy use,coal,coal CCS,tracking-non-energy-input/capital-coef,low-carbon-like cost node exists but was not changed; check whether this was intentional
chemical,chemical_T2025_S10.xml,chemical energy use,electricity,electricity,tracking-non-energy-input/capital-coef,low-carbon-like cost node exists but was not changed; check whether this was intentional
chemical,chemical_T2025_S10.xml,chemical energy use,gas,gas CCS,tracking-non-energy-input/capital-coef,low-carbon-like cost node exists but was not changed; check whether this was intentional
chemical,chemical_T2025_S10.xml,chemical energy use,hydrogen,hydrogen,tracking-non-energy-input/capital-coef,low-carbon-like cost node exists but was not changed; check whether this was intentional
chemical,chemical_T2025_S10.xml,chemical energy use,hydrogen,hydrogen cogen,tracking-non-energy-input/capital-coef,low-carbon-like cost node exists but was not changed; check whether this was intentional
chemical,chemical_T2025_S10.xml,chemical energy use,refined liquids,refined liquids CCS,tracking-non-energy-input/capital-coef,low-carbon-like cost node exists but was not changed; check whether this was intentional
chemical,chemical_T2025_S35.xml,chemical energy use,biomass,biomass,tracking-non-energy-input/capital-coef,low-carbon-like cost node exists but was not changed; check whether this was intentional
chemical,chemical_T2025_S35.xml,chemical energy use,biomass,biomass CCS,tracking-non-energy-input/capital-coef,low-carbon-like cost node exists but was not changed; check whether this was intentional
chemical,chemical_T2025_S35.xml,chemical energy use,biomass,biomass cogen,tracking-non-energy-input/capital-coef,low-carbon-like cost node exists but was not changed; check whether this was intentional
chemical,chemical_T2025_S35.xml,chemical energy use,coal,coal CCS,tracking-non-energy-input/capital-coef,low-carbon-like cost node exists but was not changed; check whether this was intentional
chemical,chemical_T2025_S35.xml,chemical energy use,electricity,electricity,tracking-non-energy-input/capital-coef,low-carbon-like cost node exists but was not changed; check whether this was intentional
chemical,chemical_T2025_S35.xml,chemical energy use,gas,gas CCS,tracking-non-energy-input/capital-coef,low-carbon-like cost node exists but was not changed; check whether this was intentional
chemical,chemical_T2025_S35.xml,chemical energy use,hydrogen,hydrogen,tracking-non-energy-input/capital-coef,low-carbon-like cost node exists but was not changed; check whether this was intentional
chemical,chemical_T2025_S35.xml,chemical energy use,hydrogen,hydrogen cogen,tracking-non-energy-input/capital-coef,low-carbon-like cost node exists but was not changed; check whether this was intentional
chemical,chemical_T2025_S35.xml,chemical energy use,refined liquids,refined liquids CCS,tracking-non-energy-input/capital-coef,low-carbon-like cost node exists but was not changed; check whether this was intentional
chemical,chemical_T2025_S60.xml,chemical energy use,biomass,biomass,tracking-non-energy-input/capital-coef,low-carbon-like cost node exists but was not changed; check whether this was intentional
chemical,chemical_T2025_S60.xml,chemical energy use,biomass,biomass CCS,tracking-non-energy-input/capital-coef,low-carbon-like cost node exists but was not changed; check whether this was intentional
chemical,chemical_T2025_S60.xml,chemical energy use,biomass,biomass cogen,tracking-non-energy-input/capital-coef,low-carbon-like cost node exists but was not changed; check whether this was intentional
chemical,chemical_T2025_S60.xml,chemical energy use,coal,coal CCS,tracking-non-energy-input/capital-coef,low-carbon-like cost node exists but was not changed; check whether this was intentional
chemical,chemical_T2025_S60.xml,chemical energy use,electricity,electricity,tracking-non-energy-input/capital-coef,low-carbon-like cost node exists but was not changed; check whether this was intentional
chemical,chemical_T2025_S60.xml,chemical energy use,gas,gas CCS,tracking-non-energy-input/capital-coef,low-carbon-like cost node exists but was not changed; check whether this was intentional
chemical,chemical_T2025_S60.xml,chemical energy use,hydrogen,hydrogen,tracking-non-energy-input/capital-coef,low-carbon-like cost node exists but was not changed; check whether this was intentional
chemical,chemical_T2025_S60.xml,chemical energy use,hydrogen,hydrogen cogen,tracking-non-energy-input/capital-coef,low-carbon-like cost node exists but was not changed; check whether this was intentional
chemical,chemical_T2025_S60.xml,chemical energy use,refined liquids,refined liquids CCS,tracking-non-energy-input/capital-coef,low-carbon-like cost node exists but was not changed; check whether this was intentional
chemical,chemical_T2035_S10.xml,chemical energy use,biomass,biomass,tracking-non-energy-input/capital-coef,low-carbon-like cost node exists but was not changed; check whether this was intentional
chemical,chemical_T2035_S10.xml,chemical energy use,biomass,biomass CCS,tracking-non-energy-input/capital-coef,low-carbon-like cost node exists but was not changed; check whether this was intentional
chemical,chemical_T2035_S10.xml,chemical energy use,biomass,biomass cogen,tracking-non-energy-input/capital-coef,low-carbon-like cost node exists but was not changed; check whether this was intentional
chemical,chemical_T2035_S10.xml,chemical energy use,coal,coal CCS,tracking-non-energy-input/capital-coef,low-carbon-like cost node exists but was not changed; check whether this was intentional
chemical,chemical_T2035_S10.xml,chemical energy use,electricity,electricity,tracking-non-energy-input/capital-coef,low-carbon-like cost node exists but was not changed; check whether this was intentional
chemical,chemical_T2035_S10.xml,chemical energy use,gas,gas CCS,tracking-non-energy-input/capital-coef,low-carbon-like cost node exists but was not changed; check whether this was intentional
chemical,chemical_T2035_S10.xml,chemical energy use,hydrogen,hydrogen,tracking-non-energy-input/capital-coef,low-carbon-like cost node exists but was not changed; check whether this was intentional
chemical,chemical_T2035_S10.xml,chemical energy use,hydrogen,hydrogen cogen,tracking-non-energy-input/capital-coef,low-carbon-like cost node exists but was not changed; check whether this was intentional
chemical,chemical_T2035_S10.xml,chemical energy use,refined liquids,refined liquids CCS,tracking-non-energy-input/capital-coef,low-carbon-like cost node exists but was not changed; check whether this was intentional
chemical,chemical_T2035_S35.xml,chemical energy use,biomass,biomass,tracking-non-energy-input/capital-coef,low-carbon-like cost node exists but was not changed; check whether this was intentional
chemical,chemical_T2035_S35.xml,chemical energy use,biomass,biomass CCS,tracking-non-energy-input/capital-coef,low-carbon-like cost node exists but was not changed; check whether this was intentional
chemical,chemical_T2035_S35.xml,chemical energy use,biomass,biomass cogen,tracking-non-energy-input/capital-coef,low-carbon-like cost node exists but was not changed; check whether this was intentional
chemical,chemical_T2035_S35.xml,chemical energy use,coal,coal CCS,tracking-non-energy-input/capital-coef,low-carbon-like cost node exists but was not changed; check whether this was intentional
chemical,chemical_T2035_S35.xml,chemical energy use,electricity,electricity,tracking-non-energy-input/capital-coef,low-carbon-like cost node exists but was not changed; check whether this was intentional
chemical,chemical_T2035_S35.xml,chemical energy use,gas,gas CCS,tracking-non-energy-input/capital-coef,low-carbon-like cost node exists but was not changed; check whether this was intentional
chemical,chemical_T2035_S35.xml,chemical energy use,hydrogen,hydrogen,tracking-non-energy-input/capital-coef,low-carbon-like cost node exists but was not changed; check whether this was intentional
chemical,chemical_T2035_S35.xml,chemical energy use,hydrogen,hydrogen cogen,tracking-non-energy-input/capital-coef,low-carbon-like cost node exists but was not changed; check whether this was intentional
chemical,chemical_T2035_S35.xml,chemical energy use,refined liquids,refined liquids CCS,tracking-non-energy-input/capital-coef,low-carbon-like cost node exists but was not changed; check whether this was intentional
chemical,chemical_T2035_S60.xml,chemical energy use,biomass,biomass,tracking-non-energy-input/capital-coef,low-carbon-like cost node exists but was not changed; check whether this was intentional
chemical,chemical_T2035_S60.xml,chemical energy use,biomass,biomass CCS,tracking-non-energy-input/capital-coef,low-carbon-like cost node exists but was not changed; check whether this was intentional
chemical,chemical_T2035_S60.xml,chemical energy use,biomass,biomass cogen,tracking-non-energy-input/capital-coef,low-carbon-like cost node exists but was not changed; check whether this was intentional
chemical,chemical_T2035_S60.xml,chemical energy use,coal,coal CCS,tracking-non-energy-input/capital-coef,low-carbon-like cost node exists but was not changed; check whether this was intentional
chemical,chemical_T2035_S60.xml,chemical energy use,electricity,electricity,tracking-non-energy-input/capital-coef,low-carbon-like cost node exists but was not changed; check whether this was intentional
chemical,chemical_T2035_S60.xml,chemical energy use,gas,gas CCS,tracking-non-energy-input/capital-coef,low-carbon-like cost node exists but was not changed; check whether this was intentional
chemical,chemical_T2035_S60.xml,chemical energy use,hydrogen,hydrogen,tracking-non-energy-input/capital-coef,low-carbon-like cost node exists but was not changed; check whether this was intentional
chemical,chemical_T2035_S60.xml,chemical energy use,hydrogen,hydrogen cogen,tracking-non-energy-input/capital-coef,low-carbon-like cost node exists but was not changed; check whether this was intentional
chemical,chemical_T2035_S60.xml,chemical energy use,refined liquids,refined liquids CCS,tracking-non-energy-input/capital-coef,low-carbon-like cost node exists but was not changed; check whether this was intentional
chemical,chemical_T2045_S10.xml,chemical energy use,biomass,biomass,tracking-non-energy-input/capital-coef,low-carbon-like cost node exists but was not changed; check whether this was intentional
chemical,chemical_T2045_S10.xml,chemical energy use,biomass,biomass CCS,tracking-non-energy-input/capital-coef,low-carbon-like cost node exists but was not changed; check whether this was intentional
chemical,chemical_T2045_S10.xml,chemical energy use,biomass,biomass cogen,tracking-non-energy-input/capital-coef,low-carbon-like cost node exists but was not changed; check whether this was intentional
chemical,chemical_T2045_S10.xml,chemical energy use,coal,coal CCS,tracking-non-energy-input/capital-coef,low-carbon-like cost node exists but was not changed; check whether this was intentional
chemical,chemical_T2045_S10.xml,chemical energy use,electricity,electricity,tracking-non-energy-input/capital-coef,low-carbon-like cost node exists but was not changed; check whether this was intentional
chemical,chemical_T2045_S10.xml,chemical energy use,gas,gas CCS,tracking-non-energy-input/capital-coef,low-carbon-like cost node exists but was not changed; check whether this was intentional
chemical,chemical_T2045_S10.xml,chemical energy use,hydrogen,hydrogen,tracking-non-energy-input/capital-coef,low-carbon-like cost node exists but was not changed; check whether this was intentional
chemical,chemical_T2045_S10.xml,chemical energy use,hydrogen,hydrogen cogen,tracking-non-energy-input/capital-coef,low-carbon-like cost node exists but was not changed; check whether this was intentional
chemical,chemical_T2045_S10.xml,chemical energy use,refined liquids,refined liquids CCS,tracking-non-energy-input/capital-coef,low-carbon-like cost node exists but was not changed; check whether this was intentional
chemical,chemical_T2045_S35.xml,chemical energy use,biomass,biomass,tracking-non-energy-input/capital-coef,low-carbon-like cost node exists but was not changed; check whether this was intentional
chemical,chemical_T2045_S35.xml,chemical energy use,biomass,biomass CCS,tracking-non-energy-input/capital-coef,low-carbon-like cost node exists but was not changed; check whether this was intentional
chemical,chemical_T2045_S35.xml,chemical energy use,biomass,biomass cogen,tracking-non-energy-input/capital-coef,low-carbon-like cost node exists but was not changed; check whether this was intentional
chemical,chemical_T2045_S35.xml,chemical energy use,coal,coal CCS,tracking-non-energy-input/capital-coef,low-carbon-like cost node exists but was not changed; check whether this was intentional
chemical,chemical_T2045_S35.xml,chemical energy use,electricity,electricity,tracking-non-energy-input/capital-coef,low-carbon-like cost node exists but was not changed; check whether this was intentional
chemical,chemical_T2045_S35.xml,chemical energy use,gas,gas CCS,tracking-non-energy-input/capital-coef,low-carbon-like cost node exists but was not changed; check whether this was intentional
chemical,chemical_T2045_S35.xml,chemical energy use,hydrogen,hydrogen,tracking-non-energy-input/capital-coef,low-carbon-like cost node exists but was not changed; check whether this was intentional
chemical,chemical_T2045_S35.xml,chemical energy use,hydrogen,hydrogen cogen,tracking-non-energy-input/capital-coef,low-carbon-like cost node exists but was not changed; check whether this was intentional
chemical,chemical_T2045_S35.xml,chemical energy use,refined liquids,refined liquids CCS,tracking-non-energy-input/capital-coef,low-carbon-like cost node exists but was not changed; check whether this was intentional
chemical,chemical_T2045_S60.xml,chemical energy use,biomass,biomass,tracking-non-energy-input/capital-coef,low-carbon-like cost node exists but was not changed; check whether this was intentional
chemical,chemical_T2045_S60.xml,chemical energy use,biomass,biomass CCS,tracking-non-energy-input/capital-coef,low-carbon-like cost node exists but was not changed; check whether this was intentional
chemical,chemical_T2045_S60.xml,chemical energy use,biomass,biomass cogen,tracking-non-energy-input/capital-coef,low-carbon-like cost node exists but was not changed; check whether this was intentional
chemical,chemical_T2045_S60.xml,chemical energy use,coal,coal CCS,tracking-non-energy-input/capital-coef,low-carbon-like cost node exists but was not changed; check whether this was intentional
chemical,chemical_T2045_S60.xml,chemical energy use,electricity,electricity,tracking-non-energy-input/capital-coef,low-carbon-like cost node exists but was not changed; check whether this was intentional
chemical,chemical_T2045_S60.xml,chemical energy use,gas,gas CCS,tracking-non-energy-input/capital-coef,low-carbon-like cost node exists but was not changed; check whether this was intentional
chemical,chemical_T2045_S60.xml,chemical energy use,hydrogen,hydrogen,tracking-non-energy-input/capital-coef,low-carbon-like cost node exists but was not changed; check whether this was intentional
chemical,chemical_T2045_S60.xml,chemical energy use,hydrogen,hydrogen cogen,tracking-non-energy-input/capital-coef,low-carbon-like cost node exists but was not changed; check whether this was intentional
chemical,chemical_T2045_S60.xml,chemical energy use,refined liquids,refined liquids CCS,tracking-non-energy-input/capital-coef,low-carbon-like cost node exists but was not changed; check whether this was intentional
aluminum,aluminum_T2025_S10.xml,alumina,biomass,biomass,tracking-non-energy-input/capital-coef,low-carbon-like cost node exists but was not changed; check whether this was intentional
aluminum,aluminum_T2025_S10.xml,alumina,biomass,biomass CCS,tracking-non-energy-input/capital-coef,low-carbon-like cost node exists but was not changed; check whether this was intentional
aluminum,aluminum_T2025_S10.xml,alumina,biomass,biomass cogen,tracking-non-energy-input/capital-coef,low-carbon-like cost node exists but was not changed; check whether this was intentional
aluminum,aluminum_T2025_S10.xml,alumina,coal,coal CCS,tracking-non-energy-input/capital-coef,low-carbon-like cost node exists but was not changed; check whether this was intentional
aluminum,aluminum_T2025_S10.xml,alumina,gas,gas CCS,tracking-non-energy-input/capital-coef,low-carbon-like cost node exists but was not changed; check whether this was intentional
aluminum,aluminum_T2025_S10.xml,alumina,refined liquids,refined liquids CCS,tracking-non-energy-input/capital-coef,low-carbon-like cost node exists but was not changed; check whether this was intentional
aluminum,aluminum_T2025_S10.xml,aluminum,electricity,electricity,minicam-non-energy-input/input-cost,low-carbon-like cost node exists but was not changed; check whether this was intentional
aluminum,aluminum_T2025_S35.xml,alumina,biomass,biomass,tracking-non-energy-input/capital-coef,low-carbon-like cost node exists but was not changed; check whether this was intentional
aluminum,aluminum_T2025_S35.xml,alumina,biomass,biomass CCS,tracking-non-energy-input/capital-coef,low-carbon-like cost node exists but was not changed; check whether this was intentional
aluminum,aluminum_T2025_S35.xml,alumina,biomass,biomass cogen,tracking-non-energy-input/capital-coef,low-carbon-like cost node exists but was not changed; check whether this was intentional
aluminum,aluminum_T2025_S35.xml,alumina,coal,coal CCS,tracking-non-energy-input/capital-coef,low-carbon-like cost node exists but was not changed; check whether this was intentional
aluminum,aluminum_T2025_S35.xml,alumina,gas,gas CCS,tracking-non-energy-input/capital-coef,low-carbon-like cost node exists but was not changed; check whether this was intentional
aluminum,aluminum_T2025_S35.xml,alumina,refined liquids,refined liquids CCS,tracking-non-energy-input/capital-coef,low-carbon-like cost node exists but was not changed; check whether this was intentional
aluminum,aluminum_T2025_S35.xml,aluminum,electricity,electricity,minicam-non-energy-input/input-cost,low-carbon-like cost node exists but was not changed; check whether this was intentional
aluminum,aluminum_T2025_S60.xml,alumina,biomass,biomass,tracking-non-energy-input/capital-coef,low-carbon-like cost node exists but was not changed; check whether this was intentional
aluminum,aluminum_T2025_S60.xml,alumina,biomass,biomass CCS,tracking-non-energy-input/capital-coef,low-carbon-like cost node exists but was not changed; check whether this was intentional
aluminum,aluminum_T2025_S60.xml,alumina,biomass,biomass cogen,tracking-non-energy-input/capital-coef,low-carbon-like cost node exists but was not changed; check whether this was intentional
aluminum,aluminum_T2025_S60.xml,alumina,coal,coal CCS,tracking-non-energy-input/capital-coef,low-carbon-like cost node exists but was not changed; check whether this was intentional
aluminum,aluminum_T2025_S60.xml,alumina,gas,gas CCS,tracking-non-energy-input/capital-coef,low-carbon-like cost node exists but was not changed; check whether this was intentional
aluminum,aluminum_T2025_S60.xml,alumina,refined liquids,refined liquids CCS,tracking-non-energy-input/capital-coef,low-carbon-like cost node exists but was not changed; check whether this was intentional
aluminum,aluminum_T2025_S60.xml,aluminum,electricity,electricity,minicam-non-energy-input/input-cost,low-carbon-like cost node exists but was not changed; check whether this was intentional
aluminum,aluminum_T2035_S10.xml,alumina,biomass,biomass,tracking-non-energy-input/capital-coef,low-carbon-like cost node exists but was not changed; check whether this was intentional
aluminum,aluminum_T2035_S10.xml,alumina,biomass,biomass CCS,tracking-non-energy-input/capital-coef,low-carbon-like cost node exists but was not changed; check whether this was intentional
aluminum,aluminum_T2035_S10.xml,alumina,biomass,biomass cogen,tracking-non-energy-input/capital-coef,low-carbon-like cost node exists but was not changed; check whether this was intentional
aluminum,aluminum_T2035_S10.xml,alumina,coal,coal CCS,tracking-non-energy-input/capital-coef,low-carbon-like cost node exists but was not changed; check whether this was intentional
aluminum,aluminum_T2035_S10.xml,alumina,gas,gas CCS,tracking-non-energy-input/capital-coef,low-carbon-like cost node exists but was not changed; check whether this was intentional
aluminum,aluminum_T2035_S10.xml,alumina,refined liquids,refined liquids CCS,tracking-non-energy-input/capital-coef,low-carbon-like cost node exists but was not changed; check whether this was intentional
aluminum,aluminum_T2035_S10.xml,aluminum,electricity,electricity,minicam-non-energy-input/input-cost,low-carbon-like cost node exists but was not changed; check whether this was intentional
aluminum,aluminum_T2035_S35.xml,alumina,biomass,biomass,tracking-non-energy-input/capital-coef,low-carbon-like cost node exists but was not changed; check whether this was intentional
aluminum,aluminum_T2035_S35.xml,alumina,biomass,biomass CCS,tracking-non-energy-input/capital-coef,low-carbon-like cost node exists but was not changed; check whether this was intentional
aluminum,aluminum_T2035_S35.xml,alumina,biomass,biomass cogen,tracking-non-energy-input/capital-coef,low-carbon-like cost node exists but was not changed; check whether this was intentional
aluminum,aluminum_T2035_S35.xml,alumina,coal,coal CCS,tracking-non-energy-input/capital-coef,low-carbon-like cost node exists but was not changed; check whether this was intentional
aluminum,aluminum_T2035_S35.xml,alumina,gas,gas CCS,tracking-non-energy-input/capital-coef,low-carbon-like cost node exists but was not changed; check whether this was intentional
aluminum,aluminum_T2035_S35.xml,alumina,refined liquids,refined liquids CCS,tracking-non-energy-input/capital-coef,low-carbon-like cost node exists but was not changed; check whether this was intentional
aluminum,aluminum_T2035_S35.xml,aluminum,electricity,electricity,minicam-non-energy-input/input-cost,low-carbon-like cost node exists but was not changed; check whether this was intentional
aluminum,aluminum_T2035_S60.xml,alumina,biomass,biomass,tracking-non-energy-input/capital-coef,low-carbon-like cost node exists but was not changed; check whether this was intentional
aluminum,aluminum_T2035_S60.xml,alumina,biomass,biomass CCS,tracking-non-energy-input/capital-coef,low-carbon-like cost node exists but was not changed; check whether this was intentional
aluminum,aluminum_T2035_S60.xml,alumina,biomass,biomass cogen,tracking-non-energy-input/capital-coef,low-carbon-like cost node exists but was not changed; check whether this was intentional
aluminum,aluminum_T2035_S60.xml,alumina,coal,coal CCS,tracking-non-energy-input/capital-coef,low-carbon-like cost node exists but was not changed; check whether this was intentional
aluminum,aluminum_T2035_S60.xml,alumina,gas,gas CCS,tracking-non-energy-input/capital-coef,low-carbon-like cost node exists but was not changed; check whether this was intentional
aluminum,aluminum_T2035_S60.xml,alumina,refined liquids,refined liquids CCS,tracking-non-energy-input/capital-coef,low-carbon-like cost node exists but was not changed; check whether this was intentional
aluminum,aluminum_T2035_S60.xml,aluminum,electricity,electricity,minicam-non-energy-input/input-cost,low-carbon-like cost node exists but was not changed; check whether this was intentional
aluminum,aluminum_T2045_S10.xml,alumina,biomass,biomass,tracking-non-energy-input/capital-coef,low-carbon-like cost node exists but was not changed; check whether this was intentional
aluminum,aluminum_T2045_S10.xml,alumina,biomass,biomass CCS,tracking-non-energy-input/capital-coef,low-carbon-like cost node exists but was not changed; check whether this was intentional
aluminum,aluminum_T2045_S10.xml,alumina,biomass,biomass cogen,tracking-non-energy-input/capital-coef,low-carbon-like cost node exists but was not changed; check whether this was intentional
aluminum,aluminum_T2045_S10.xml,alumina,coal,coal CCS,tracking-non-energy-input/capital-coef,low-carbon-like cost node exists but was not changed; check whether this was intentional
aluminum,aluminum_T2045_S10.xml,alumina,gas,gas CCS,tracking-non-energy-input/capital-coef,low-carbon-like cost node exists but was not changed; check whether this was intentional
aluminum,aluminum_T2045_S10.xml,alumina,refined liquids,refined liquids CCS,tracking-non-energy-input/capital-coef,low-carbon-like cost node exists but was not changed; check whether this was intentional
aluminum,aluminum_T2045_S10.xml,aluminum,electricity,electricity,minicam-non-energy-input/input-cost,low-carbon-like cost node exists but was not changed; check whether this was intentional
aluminum,aluminum_T2045_S35.xml,alumina,biomass,biomass,tracking-non-energy-input/capital-coef,low-carbon-like cost node exists but was not changed; check whether this was intentional
aluminum,aluminum_T2045_S35.xml,alumina,biomass,biomass CCS,tracking-non-energy-input/capital-coef,low-carbon-like cost node exists but was not changed; check whether this was intentional
aluminum,aluminum_T2045_S35.xml,alumina,biomass,biomass cogen,tracking-non-energy-input/capital-coef,low-carbon-like cost node exists but was not changed; check whether this was intentional
aluminum,aluminum_T2045_S35.xml,alumina,coal,coal CCS,tracking-non-energy-input/capital-coef,low-carbon-like cost node exists but was not changed; check whether this was intentional
aluminum,aluminum_T2045_S35.xml,alumina,gas,gas CCS,tracking-non-energy-input/capital-coef,low-carbon-like cost node exists but was not changed; check whether this was intentional
aluminum,aluminum_T2045_S35.xml,alumina,refined liquids,refined liquids CCS,tracking-non-energy-input/capital-coef,low-carbon-like cost node exists but was not changed; check whether this was intentional
aluminum,aluminum_T2045_S35.xml,aluminum,electricity,electricity,minicam-non-energy-input/input-cost,low-carbon-like cost node exists but was not changed; check whether this was intentional
aluminum,aluminum_T2045_S60.xml,alumina,biomass,biomass,tracking-non-energy-input/capital-coef,low-carbon-like cost node exists but was not changed; check whether this was intentional
aluminum,aluminum_T2045_S60.xml,alumina,biomass,biomass CCS,tracking-non-energy-input/capital-coef,low-carbon-like cost node exists but was not changed; check whether this was intentional
aluminum,aluminum_T2045_S60.xml,alumina,biomass,biomass cogen,tracking-non-energy-input/capital-coef,low-carbon-like cost node exists but was not changed; check whether this was intentional
aluminum,aluminum_T2045_S60.xml,alumina,coal,coal CCS,tracking-non-energy-input/capital-coef,low-carbon-like cost node exists but was not changed; check whether this was intentional
aluminum,aluminum_T2045_S60.xml,alumina,gas,gas CCS,tracking-non-energy-input/capital-coef,low-carbon-like cost node exists but was not changed; check whether this was intentional
aluminum,aluminum_T2045_S60.xml,alumina,refined liquids,refined liquids CCS,tracking-non-energy-input/capital-coef,low-carbon-like cost node exists but was not changed; check whether this was intentional
aluminum,aluminum_T2045_S60.xml,aluminum,electricity,electricity,minicam-non-energy-input/input-cost,low-carbon-like cost node exists but was not changed; check whether this was intentional
other_industry,other_industry_T2025_S10.xml,other industrial energy use,biomass,biomass,tracking-non-energy-input/capital-coef,low-carbon-like cost node exists but was not changed; check whether this was intentional
other_industry,other_industry_T2025_S10.xml,other industrial energy use,biomass,biomass cogen,tracking-non-energy-input/capital-coef,low-carbon-like cost node exists but was not changed; check whether this was intentional
other_industry,other_industry_T2025_S10.xml,other industrial energy use,electricity,electricity,tracking-non-energy-input/capital-coef,low-carbon-like cost node exists but was not changed; check whether this was intentional
other_industry,other_industry_T2025_S10.xml,other industrial energy use,hydrogen,hydrogen,tracking-non-energy-input/capital-coef,low-carbon-like cost node exists but was not changed; check whether this was intentional
other_industry,other_industry_T2025_S10.xml,other industrial energy use,hydrogen,hydrogen cogen,tracking-non-energy-input/capital-coef,low-carbon-like cost node exists but was not changed; check whether this was intentional
other_industry,other_industry_T2025_S35.xml,other industrial energy use,biomass,biomass,tracking-non-energy-input/capital-coef,low-carbon-like cost node exists but was not changed; check whether this was intentional
other_industry,other_industry_T2025_S35.xml,other industrial energy use,biomass,biomass cogen,tracking-non-energy-input/capital-coef,low-carbon-like cost node exists but was not changed; check whether this was intentional
other_industry,other_industry_T2025_S35.xml,other industrial energy use,electricity,electricity,tracking-non-energy-input/capital-coef,low-carbon-like cost node exists but was not changed; check whether this was intentional
other_industry,other_industry_T2025_S35.xml,other industrial energy use,hydrogen,hydrogen,tracking-non-energy-input/capital-coef,low-carbon-like cost node exists but was not changed; check whether this was intentional
other_industry,other_industry_T2025_S35.xml,other industrial energy use,hydrogen,hydrogen cogen,tracking-non-energy-input/capital-coef,low-carbon-like cost node exists but was not changed; check whether this was intentional
other_industry,other_industry_T2025_S60.xml,other industrial energy use,biomass,biomass,tracking-non-energy-input/capital-coef,low-carbon-like cost node exists but was not changed; check whether this was intentional
other_industry,other_industry_T2025_S60.xml,other industrial energy use,biomass,biomass cogen,tracking-non-energy-input/capital-coef,low-carbon-like cost node exists but was not changed; check whether this was intentional
other_industry,other_industry_T2025_S60.xml,other industrial energy use,electricity,electricity,tracking-non-energy-input/capital-coef,low-carbon-like cost node exists but was not changed; check whether this was intentional
other_industry,other_industry_T2025_S60.xml,other industrial energy use,hydrogen,hydrogen,tracking-non-energy-input/capital-coef,low-carbon-like cost node exists but was not changed; check whether this was intentional
other_industry,other_industry_T2025_S60.xml,other industrial energy use,hydrogen,hydrogen cogen,tracking-non-energy-input/capital-coef,low-carbon-like cost node exists but was not changed; check whether this was intentional
other_industry,other_industry_T2035_S10.xml,other industrial energy use,biomass,biomass,tracking-non-energy-input/capital-coef,low-carbon-like cost node exists but was not changed; check whether this was intentional
other_industry,other_industry_T2035_S10.xml,other industrial energy use,biomass,biomass cogen,tracking-non-energy-input/capital-coef,low-carbon-like cost node exists but was not changed; check whether this was intentional
other_industry,other_industry_T2035_S10.xml,other industrial energy use,electricity,electricity,tracking-non-energy-input/capital-coef,low-carbon-like cost node exists but was not changed; check whether this was intentional
other_industry,other_industry_T2035_S10.xml,other industrial energy use,hydrogen,hydrogen,tracking-non-energy-input/capital-coef,low-carbon-like cost node exists but was not changed; check whether this was intentional
other_industry,other_industry_T2035_S10.xml,other industrial energy use,hydrogen,hydrogen cogen,tracking-non-energy-input/capital-coef,low-carbon-like cost node exists but was not changed; check whether this was intentional
other_industry,other_industry_T2035_S35.xml,other industrial energy use,biomass,biomass,tracking-non-energy-input/capital-coef,low-carbon-like cost node exists but was not changed; check whether this was intentional
other_industry,other_industry_T2035_S35.xml,other industrial energy use,biomass,biomass cogen,tracking-non-energy-input/capital-coef,low-carbon-like cost node exists but was not changed; check whether this was intentional
other_industry,other_industry_T2035_S35.xml,other industrial energy use,electricity,electricity,tracking-non-energy-input/capital-coef,low-carbon-like cost node exists but was not changed; check whether this was intentional
other_industry,other_industry_T2035_S35.xml,other industrial energy use,hydrogen,hydrogen,tracking-non-energy-input/capital-coef,low-carbon-like cost node exists but was not changed; check whether this was intentional
other_industry,other_industry_T2035_S35.xml,other industrial energy use,hydrogen,hydrogen cogen,tracking-non-energy-input/capital-coef,low-carbon-like cost node exists but was not changed; check whether this was intentional
other_industry,other_industry_T2035_S60.xml,other industrial energy use,biomass,biomass,tracking-non-energy-input/capital-coef,low-carbon-like cost node exists but was not changed; check whether this was intentional
other_industry,other_industry_T2035_S60.xml,other industrial energy use,biomass,biomass cogen,tracking-non-energy-input/capital-coef,low-carbon-like cost node exists but was not changed; check whether this was intentional
other_industry,other_industry_T2035_S60.xml,other industrial energy use,electricity,electricity,tracking-non-energy-input/capital-coef,low-carbon-like cost node exists but was not changed; check whether this was intentional
other_industry,other_industry_T2035_S60.xml,other industrial energy use,hydrogen,hydrogen,tracking-non-energy-input/capital-coef,low-carbon-like cost node exists but was not changed; check whether this was intentional
other_industry,other_industry_T2035_S60.xml,other industrial energy use,hydrogen,hydrogen cogen,tracking-non-energy-input/capital-coef,low-carbon-like cost node exists but was not changed; check whether this was intentional
other_industry,other_industry_T2045_S10.xml,other industrial energy use,biomass,biomass,tracking-non-energy-input/capital-coef,low-carbon-like cost node exists but was not changed; check whether this was intentional
other_industry,other_industry_T2045_S10.xml,other industrial energy use,biomass,biomass cogen,tracking-non-energy-input/capital-coef,low-carbon-like cost node exists but was not changed; check whether this was intentional
other_industry,other_industry_T2045_S10.xml,other industrial energy use,electricity,electricity,tracking-non-energy-input/capital-coef,low-carbon-like cost node exists but was not changed; check whether this was intentional
other_industry,other_industry_T2045_S10.xml,other industrial energy use,hydrogen,hydrogen,tracking-non-energy-input/capital-coef,low-carbon-like cost node exists but was not changed; check whether this was intentional
other_industry,other_industry_T2045_S10.xml,other industrial energy use,hydrogen,hydrogen cogen,tracking-non-energy-input/capital-coef,low-carbon-like cost node exists but was not changed; check whether this was intentional
other_industry,other_industry_T2045_S35.xml,other industrial energy use,biomass,biomass,tracking-non-energy-input/capital-coef,low-carbon-like cost node exists but was not changed; check whether this was intentional
other_industry,other_industry_T2045_S35.xml,other industrial energy use,biomass,biomass cogen,tracking-non-energy-input/capital-coef,low-carbon-like cost node exists but was not changed; check whether this was intentional
other_industry,other_industry_T2045_S35.xml,other industrial energy use,electricity,electricity,tracking-non-energy-input/capital-coef,low-carbon-like cost node exists but was not changed; check whether this was intentional
other_industry,other_industry_T2045_S35.xml,other industrial energy use,hydrogen,hydrogen,tracking-non-energy-input/capital-coef,low-carbon-like cost node exists but was not changed; check whether this was intentional
other_industry,other_industry_T2045_S35.xml,other industrial energy use,hydrogen,hydrogen cogen,tracking-non-energy-input/capital-coef,low-carbon-like cost node exists but was not changed; check whether this was intentional
other_industry,other_industry_T2045_S60.xml,other industrial energy use,biomass,biomass,tracking-non-energy-input/capital-coef,low-carbon-like cost node exists but was not changed; check whether this was intentional
other_industry,other_industry_T2045_S60.xml,other industrial energy use,biomass,biomass cogen,tracking-non-energy-input/capital-coef,low-carbon-like cost node exists but was not changed; check whether this was intentional
other_industry,other_industry_T2045_S60.xml,other industrial energy use,electricity,electricity,tracking-non-energy-input/capital-coef,low-carbon-like cost node exists but was not changed; check whether this was intentional
other_industry,other_industry_T2045_S60.xml,other industrial energy use,hydrogen,hydrogen,tracking-non-energy-input/capital-coef,low-carbon-like cost node exists but was not changed; check whether this was intentional
other_industry,other_industry_T2045_S60.xml,other industrial energy use,hydrogen,hydrogen cogen,tracking-non-energy-input/capital-coef,low-carbon-like cost node exists but was not changed; check whether this was intentional
